#{"t_start": 1779554399.6366932, "env_id": "LunarLander-v3"}
r,l,t
-171.140903,119,0.133441
-78.812218,72,0.199121
-199.447417,183,0.35354
-180.724555,128,0.462093
-300.006611,135,0.576082
-289.239974,97,0.656114
-157.704632,142,0.773932
-123.090096,104,0.857715
-193.16235,140,0.971242
-399.17465,99,1.05315
-568.061975,207,1.222503
-155.258813,325,1.491941
-282.927942,162,1.625974
-351.691807,111,1.719941
-282.262446,86,1.792309
-292.654252,119,1.889645
-351.231272,196,2.049574
-424.000838,82,2.117202
-456.186879,156,2.243366
-244.646259,114,2.332829
-350.116207,97,2.411911
-243.893715,99,2.493263
-326.351394,107,2.577907
-359.257861,86,2.650164
-289.024493,125,2.75517
-292.552492,220,2.939809
-87.724113,121,3.040164
-347.334088,225,3.22268
-474.813241,160,3.346835
-556.749025,172,3.484509
-352.123796,187,3.636152
-420.519276,169,3.768079
-470.487595,155,3.891816
-368.236664,83,3.961023
-124.682848,127,4.061113
-518.489949,253,4.575006
-247.948465,109,4.664548
-453.423588,219,4.847681
-290.978696,146,4.968791
-360.245353,143,5.087493
-126.380633,155,5.212655
-260.559093,130,5.318093
-78.136764,142,5.433085
-349.327528,149,5.55284
-152.065403,171,5.690668
-75.722005,130,5.795421
-54.567301,114,5.887858
-253.566559,222,6.067606
-129.947317,151,6.190544
-329.330126,174,6.332313
-192.78009,107,6.419807
-101.163435,122,6.520309
-53.262722,136,6.630265
-43.034588,127,6.732763
-104.104202,202,6.896744
-341.756852,194,7.05389
-334.976011,164,7.184921
-326.5807,169,7.319226
-380.391879,219,7.493412
-122.757963,135,7.60554
-115.344399,160,7.739546
-295.36489,191,7.898133
-163.918492,206,8.06705
-293.642152,184,8.221779
-111.32478,198,8.38775
-182.911529,269,9.467929
-255.946781,167,9.602522
-52.279336,109,9.691042
-194.129214,166,9.828676
-210.450563,147,9.951961
-268.14188,156,10.085789
-251.650584,133,10.190632
-206.735041,129,10.28758
-242.705509,253,10.47502
-230.062499,158,10.586357
-246.208955,221,10.744126
43.881589,1000,11.488223
-116.384092,187,11.626897
-124.646223,185,11.761819
-274.690571,305,11.981083
-76.627359,177,12.108052
-235.169137,191,12.24369
-236.27717,208,12.391103
-76.970081,171,12.512266
-250.049245,242,12.68359
69.835445,1000,14.528057
-56.499126,243,14.700136
-225.523544,187,14.834884
-200.320093,255,15.017021
-229.989743,329,15.248517
-9.895757,269,15.441593
-168.523475,170,15.568882
3.113005,168,15.691793
19.198506,118,15.779308
-61.258685,239,15.950832
-53.930568,236,16.124561
-28.33351,168,16.246257
-153.689622,173,16.369875
-209.979506,378,16.648464
-50.338955,115,16.732959
-51.861253,214,16.885113
-272.239808,367,17.146873
-166.993857,182,17.279221
-174.306451,125,17.36702
-116.157042,290,17.574935
0.060658,189,17.709609
-216.260913,274,19.149275
-102.417347,161,19.31536
-165.56997,143,19.426937
-180.396279,148,19.533944
73.300934,131,19.628218
-210.550998,259,19.814218
-149.480981,297,20.028569
78.692196,192,20.16759
-210.218926,224,20.329587
-45.219503,232,20.495158
-80.629429,242,20.666558
-202.700358,235,20.842012
-218.430939,334,21.081857
4.391932,261,21.266371
-40.450685,225,21.429475
-22.258996,163,21.549714
-235.427198,231,21.718635
-196.556189,279,21.920908
-50.904785,204,22.067192
-33.333197,240,22.235688
-162.485074,132,22.328988
-219.427693,339,22.570163
-63.751365,257,23.477441
-234.890448,239,23.650972
-200.95875,279,23.85417
-240.827807,186,23.98977
-38.410128,226,24.151987
-193.557092,195,24.293668
-201.500459,189,24.429784
-33.806126,317,24.658589
260.018375,258,24.845943
47.639493,261,25.027379
-44.204858,195,25.163105
-171.937518,239,25.333961
-223.439388,177,25.46065
-209.326873,262,25.651184
-33.276946,274,25.849345
-12.434089,171,25.973011
76.33114,171,26.095721
14.51216,225,26.259194
-164.466697,150,26.366348
144.593545,1000,27.584208
-36.34393,206,27.750891
-242.168631,199,27.894054
105.836344,1000,28.626382
-215.162869,200,28.768626
6.635601,171,28.888149
-25.861741,174,29.021167
-230.715031,225,29.181912
-50.122917,175,29.308898
-274.389854,222,29.463609
214.632039,733,29.995952
-52.615953,228,30.155926
23.327159,294,30.361315
-203.585672,213,30.514899
-212.104088,295,30.722114
-41.71925,268,30.913126
222.493489,266,31.103211
-39.007749,289,32.041401
-90.769878,467,32.377365
-252.762366,357,32.631396
-198.264142,332,32.86619
-188.381027,204,33.016777
-28.97638,223,33.176001
-102.406931,218,33.33286
12.829844,235,33.501861
-62.261858,275,33.697873
-2.586403,218,33.852683
-174.410056,226,34.012477
-52.966115,226,34.171929
-78.499968,182,34.297306
-218.92563,229,34.462466
-250.012342,273,34.656886
-189.757338,264,34.845987
-68.724132,358,35.103015
-209.089928,219,35.263277
-207.005189,269,35.460487
-230.352075,364,36.523777
-213.225495,287,36.724793
-163.977403,147,36.830008
-237.396884,366,37.086263
-284.367618,311,37.306184
132.536315,1000,38.021146
-213.650682,224,38.177181
-239.377057,273,38.370134
-157.92526,147,38.476099
-261.378817,421,38.780831
257.403329,649,39.244728
-48.239682,180,39.374771
-23.378121,270,39.571011
57.393351,204,39.719378
-220.050547,265,40.496094
-51.13035,229,40.657948
-100.991504,232,40.82445
-27.615575,201,40.972845
-200.88233,239,41.142725
-211.409384,228,41.311005
-13.547096,246,41.485908
-28.398118,208,41.633949
-73.305055,244,41.803726
-199.337015,273,41.992561
-173.048875,240,42.159651
109.109326,1000,42.886712
-55.97833,175,43.016346
-19.985941,180,43.144868
-54.128952,249,43.323339
-38.068645,222,43.478776
-41.113239,170,43.597779
-187.4795,207,43.745912
-249.481077,314,43.970944
30.07959,266,44.901082
-225.039475,391,45.188796
-219.847321,213,45.345346
155.287541,703,45.858128
38.389461,264,46.045561
-259.500588,287,46.247397
-153.518362,136,46.34522
-59.535655,252,46.525262
62.787993,1000,47.238736
227.505915,727,47.755911
-69.92467,225,47.919628
-187.174798,283,48.12042
-91.567937,261,48.302589
-95.993046,398,49.083144
40.245234,197,49.222463
-217.638694,285,49.425896
-144.396667,209,49.576631
-95.558567,251,49.757989
-61.65553,308,49.980999
-166.075345,205,50.130146
99.001132,1000,50.852333
-215.924565,263,51.043971
-73.707424,292,51.255083
-74.579824,300,51.473179
-112.460739,278,51.670696
-43.11366,190,51.810454
-153.032976,213,51.966692
-22.807848,258,52.153084
254.212689,615,53.193928
-242.745245,304,53.413668
-24.336627,168,53.533128
16.120688,270,53.723883
220.996131,367,53.984092
-116.305092,309,54.208409
-168.073508,217,54.36911
-186.230616,210,54.523246
-212.939977,214,54.676113
-80.118791,346,54.923641
-225.893616,353,55.172132
-228.778984,218,55.32934
-1.597002,182,55.456714
1.141426,175,55.580452
-195.732696,327,55.816182
-51.883187,221,55.976778
231.580869,465,56.30388
5.201063,333,56.543766
-35.680965,268,57.085909
-159.559665,176,57.210763
-207.783612,307,57.428697
-3.24315,230,57.594333
-169.697087,228,57.755535
-70.120544,216,57.913454
-266.661833,275,58.112696
220.148746,494,58.472961
-197.237382,282,58.675428
-29.135595,243,58.84927
-59.432017,173,58.975757
268.23126,497,59.333548
256.897419,749,59.86239
-183.853328,218,60.017362
-216.989165,215,60.167191
-182.050881,282,60.362557
-152.133942,162,60.475707
19.321861,180,61.167055
-14.164227,163,61.284967
-21.721006,288,61.489019
-273.089146,251,61.664852
-64.091879,252,61.846086
-9.17501,163,61.963727
-11.528994,160,62.075023
-68.653257,331,62.309547
-35.43544,151,62.418249
43.923839,157,62.533455
-43.712267,252,62.716449
-51.97138,162,62.833329
-233.152551,300,63.047459
215.274854,634,63.502592
235.518024,478,63.845828
-192.34285,217,64.002017
-152.665041,137,64.097852
239.71576,349,64.407655
-180.650166,197,64.551939
-119.002,214,64.707287
-183.182616,173,65.153097
-77.383636,284,65.362189
-47.006574,113,65.446353
-5.11165,171,65.570675
31.285156,183,65.701652
-69.450013,198,65.847059
253.219463,322,66.081801
-151.487838,131,66.181321
45.41585,162,66.302395
252.353152,335,66.547494
11.194523,228,66.716727
45.834415,186,66.852943
273.906042,315,67.08297
-223.253226,273,67.27723
-219.111152,244,67.451363
26.883816,108,67.530537
48.466302,181,67.661742
-203.264469,279,67.862568
5.186903,227,68.029113
203.370964,695,68.53757
-15.692098,115,68.619573
-208.861206,204,69.27979
55.41615,225,69.44322
-229.742156,247,69.622532
-33.055435,170,69.743434
-73.193004,361,70.007265
-161.943553,155,70.119876
-222.823913,292,70.330853
6.888448,277,70.530634
-203.414934,281,70.735689
-51.898721,291,70.945337
-191.113531,234,71.116732
218.187808,443,71.437655
-199.76137,259,71.62611
-140.633751,185,71.762322
-169.000732,204,71.91038
-234.137974,360,72.170725
-28.017206,396,72.449616
-44.998537,313,72.671265
-52.668417,196,72.812194
-11.540824,281,73.635429
8.428073,370,73.905543
0.583505,222,74.067338
-257.408645,478,74.414129
-51.114616,210,74.56615
-175.957061,212,74.7208
-20.408995,225,74.884401
217.30609,484,75.237206
30.209451,228,75.403606
227.90024,481,75.755381
-19.569177,197,75.897174
-50.338491,238,76.071619
-221.87204,428,76.377736
-239.154083,412,76.675493
-207.833481,222,76.841782
1.17421,212,76.995667
-189.557363,285,78.024708
-79.371944,359,78.282564
-48.369511,326,78.515175
2.616938,337,78.756713
226.630625,612,79.198564
-13.531384,221,79.357102
13.595649,178,79.485785
231.002688,441,79.812212
-180.354319,210,79.963451
194.25757,596,80.397078
-204.087725,214,80.552813
36.24979,141,80.655156
19.567144,306,80.872115
230.772204,418,81.169475
-22.92495,223,81.326976
28.647849,171,81.447508
-23.986219,436,82.341977
-165.079341,230,82.50664
38.611079,217,82.660395
-194.276657,198,82.802703
22.411769,218,82.957297
272.762967,289,83.164622
10.042273,246,83.341374
265.170512,322,83.570187
254.28669,307,83.789754
-4.008894,253,83.973842
-155.85788,143,84.0707
-40.070522,198,84.213017
-58.655848,383,84.486265
3.468913,225,84.649403
-63.359112,300,84.865392
-52.027593,334,85.105527
-35.80046,183,85.238769
-43.663613,272,85.435084
35.066598,225,85.598763
-44.482869,151,86.150841
-2.03038,429,86.458274
17.124513,221,86.6157
31.508807,283,86.823391
-183.840559,266,87.013642
-35.123271,155,87.12429
-31.514845,433,87.561655
260.08737,319,87.917349
-202.098702,138,88.01834
-71.957973,267,88.214843
215.619322,458,88.54471
-115.140149,151,88.650514
-155.591682,225,88.814406
-159.727369,147,88.918627
-75.401955,216,89.07703
-162.108123,151,89.184618
3.750734,207,89.335052
-174.043922,211,89.483955
-76.916511,107,89.560165
246.59097,409,89.855614
-206.679306,228,90.373792
-41.540802,208,90.534718
-5.740283,257,90.720857
289.430642,276,90.919478
-33.229169,160,91.033287
-65.23878,102,91.106448
-10.02134,92,91.172209
18.981568,148,91.276358
-47.787021,182,91.404912
-218.2229,223,91.564603
-14.830961,158,91.677067
-25.283536,202,91.821007
-13.80225,149,91.926571
23.34941,265,92.116588
-163.950283,100,92.188315
1.998692,270,92.377348
25.685262,153,92.486983
3.123738,198,92.695553
249.648277,251,92.872248
-36.31522,155,92.984207
-31.318414,180,93.113671
17.892709,107,93.190984
250.901681,329,93.427361
280.717957,262,93.615086
-153.937882,74,93.668473
-58.098076,100,93.740104
-28.378965,151,93.849468
-33.829209,187,93.984677
-135.736896,70,94.199862
27.143978,177,94.328166
267.113788,257,94.511179
22.746925,135,94.610099
3.115055,243,94.790102
304.511119,224,94.955536
-169.062507,152,95.066142
-9.473475,146,95.173426
-59.112181,141,95.276908
-33.007211,138,95.37736
-42.240822,143,95.483265
-24.792175,216,95.645293
-11.759851,104,95.722697
247.117269,284,95.930405
-20.692493,95,96.000432
255.436467,309,96.228593
-148.834854,147,96.338218
19.953123,198,96.483513
-195.103932,89,96.548988
15.59202,174,96.675355
-228.42133,96,96.743913
6.102221,177,96.872836
-42.800852,178,97.002108
-15.352929,133,97.096754
210.226347,348,97.347283
11.154379,189,97.486149
4.611823,214,97.642675
245.328642,326,98.09287
-2.680012,149,98.200554
60.205888,177,98.329556
3.869872,165,98.448308
-6.594104,158,98.562056
-1.13573,162,98.677743
10.681753,238,98.848192
-62.667435,89,98.911623
-192.467296,168,99.036206
250.993502,320,99.269738
293.953172,231,99.43766
41.634238,164,99.557616
-158.935194,165,99.67904
-53.909139,224,99.844917
206.724944,390,100.128732
278.235446,268,100.320635
-14.843951,215,100.472218
-11.586539,126,100.560861
-45.481518,107,100.637177
-161.432407,133,100.734746
22.959566,163,100.851605
273.654194,427,101.157312
-74.855044,106,101.233093
-67.001586,179,101.361217
33.786356,171,101.482762
5.696627,218,101.636662
-15.439592,214,102.210052
259.027107,228,102.371328
-31.467208,213,102.527547
261.201417,274,102.72164
11.341167,240,102.893225
245.881517,320,103.123171
52.398928,240,103.293936
242.502298,439,103.606872
228.337001,450,103.927818
260.529615,357,104.182057
-24.253861,180,104.31204
32.36728,113,104.389108
5.401006,226,104.549495
226.795681,352,104.802742
245.216202,335,105.046316
215.433753,466,105.387855
-169.899449,154,105.502519
-135.27255,236,106.153486
-57.128503,272,106.347673
-55.483866,256,106.535828
223.449485,421,106.840994
-4.485335,221,106.997904
276.728523,355,107.255005
-12.789402,265,107.446004
270.672193,291,107.656213
273.08677,297,107.873191
-151.762488,160,107.992122
222.57489,513,108.356478
271.684594,343,108.601398
-17.338436,258,108.786053
3.851934,237,108.956573
-158.565889,157,109.067423
225.421637,388,109.345082
235.622472,401,109.627194
275.029834,311,110.373208
-5.235544,210,110.524067
-175.317735,179,110.649769
52.232747,228,110.815979
286.00835,435,111.126939
-139.534309,176,111.254219
209.682248,390,111.538351
249.099074,302,111.756161
0.621315,162,111.874241
29.758135,173,111.999944
233.86746,321,112.236704
244.677378,342,112.487555
189.85516,439,112.81135
29.305334,233,112.979626
264.891928,302,113.203025
-158.064194,169,113.326378
227.785349,347,113.579755
-29.865515,108,113.656987
251.462152,333,114.413207
-42.445769,280,114.62388
34.083159,176,114.747245
214.541212,358,115.000059
263.95788,315,115.221779
-167.071628,153,115.328858
216.794795,315,115.553944
101.770374,1000,116.283433
-192.698608,225,116.443584
259.341151,372,116.708749
18.041388,248,116.88581
-54.215816,181,117.019726
236.998106,384,117.295625
209.394222,431,117.609493
-88.307554,158,117.720847
57.031014,182,117.848629
-90.147953,214,118.37254
251.156946,349,118.622089
-143.724376,138,118.721004
6.843904,233,118.884683
-23.133031,210,119.040007
23.85908,227,119.20615
-21.951234,249,119.385979
-139.81222,186,119.524354
39.847719,159,119.638949
57.078799,235,119.80896
-19.331873,251,119.989968
208.773164,429,120.30322
-47.453119,184,120.435913
-7.792752,200,120.582661
-8.750503,164,120.702273
18.070058,166,120.824678
226.906454,301,121.045325
-27.443296,200,121.190895
239.737594,451,121.515735
-1.525863,188,121.645199
40.850781,214,121.79643
-16.730327,152,121.905504
14.711632,170,122.335642
-22.526383,195,122.471535
-76.981255,196,122.606874
-64.068878,182,122.735744
-29.606735,170,122.857346
-69.754771,204,123.003749
-65.58729,171,123.125507
-9.303731,204,123.275244
-14.748398,193,123.414738
-60.134271,164,123.53308
-0.564595,172,123.65875
8.559526,216,123.815671
-22.241525,204,123.963497
6.749888,183,124.094867
-1.59434,185,124.229564
258.294476,377,124.504951
-23.218783,201,124.651195
222.656573,571,125.070429
-41.690555,164,125.190433
-66.435899,194,125.332201
-37.259128,213,125.480998
-49.548919,177,125.608074
-7.332825,145,125.710741
-66.226254,159,125.823644
-26.450261,155,126.156444
-27.678362,232,126.316976
-7.323524,122,126.399949
-11.153074,235,126.563907
-81.075316,181,126.696403
7.917625,133,126.791649
-66.795672,174,126.918493
-48.827199,145,127.024642
-42.838684,153,127.13592
-62.757965,156,127.24977
34.779053,239,127.422811
-74.820968,144,127.527788
-41.783328,148,127.635775
-56.095801,138,127.737378
-118.976709,165,127.85529
-81.08821,149,127.961542
-43.282976,130,128.057208
-39.482595,130,128.150436
-24.245393,122,128.240626
-72.620037,130,128.330188
-88.777614,203,128.473383
6.391277,214,128.623355
-58.968787,122,128.711165
-13.498012,217,128.862706
24.893216,236,129.034611
37.409579,273,129.23185
-28.44798,125,129.322537
-97.531037,181,129.453612
-1.284111,268,129.648413
2.281025,164,130.108429
-75.033622,196,130.245874
-48.186656,213,130.393682
-7.328196,166,130.513386
-22.536938,223,130.674412
-3.35192,297,130.886307
-2.700852,231,131.05613
29.539317,260,131.244666
-46.199551,192,131.382052
-41.678388,200,131.522403
29.248361,297,131.730835
22.539725,199,131.869989
258.234499,579,132.278298
-7.307095,189,132.411946
-0.624203,221,132.567244
255.740594,446,132.879943
-42.041791,279,133.077872
242.29524,476,133.416137
209.83992,340,134.217564
-42.687336,275,134.411569
-32.701442,282,134.613181
-34.951637,346,134.857754
6.328441,362,135.113356
-95.342983,512,135.481722
-62.488395,621,135.930239
36.207282,1000,136.644133
-74.422292,1000,137.346782
-124.727271,1000,139.284181
-483.410281,435,139.591068
-293.277524,159,139.704123
-97.748801,1000,140.399425
-127.463082,1000,141.113658
-68.768823,1000,141.808829
-129.809617,1000,143.73094
-43.562534,465,144.060879
-219.861938,317,144.283466
-238.466264,226,144.443835
-205.174246,412,144.737971
-105.675569,1000,145.449268
-203.459679,332,145.690153
-123.391332,1000,146.388731
-13.991865,307,146.604172
-221.089025,250,146.781636
-61.30888,267,146.972435
-116.042124,372,148.359484
-64.450318,1000,149.094093
-17.926573,1000,149.807645
-228.884514,376,150.076436
-0.519598,341,150.320997
266.020257,365,150.580249
-44.995699,1000,151.296538
-164.594966,228,151.462499
184.748738,564,151.868642
237.788016,414,152.795284
1.258531,180,152.922365
-138.195923,213,153.071864
-13.127291,235,153.241391
2.238734,225,153.401158
265.247919,437,153.714136
-26.510506,423,154.010702
9.152123,262,154.200611
-88.741321,377,154.476796
-12.149708,226,154.639421
-1.448865,285,154.844829
239.41308,362,155.109376
203.638122,428,155.408285
-51.623988,486,155.753608
279.777745,315,155.975797
174.320086,420,156.69389
211.896849,383,156.970521
263.751255,275,157.170778
-59.796313,123,157.261221
-147.489095,197,157.405354
-7.746579,193,157.547446
205.843045,363,157.804082
215.028921,410,158.087843
206.936156,413,158.381825
43.845284,147,158.485646
-167.385839,140,158.584424
246.904146,284,158.787061
-46.120319,113,158.867184
282.272624,264,159.056183
247.813973,333,159.286952
263.210737,323,159.516289
14.181152,178,159.638699
209.114471,425,159.947293
257.314217,333,160.617027
217.345894,630,161.063065
-40.664059,168,161.184208
-139.390605,154,161.294249
192.716209,733,161.826024
227.395902,402,162.116731
-176.662246,153,162.22836
-20.483351,278,162.430403
217.006473,513,162.795342
252.776873,295,163.005349
13.80234,220,163.163714
-148.705036,152,163.275191
-167.078998,212,163.428214
188.184763,553,163.829824
200.115724,397,164.118042
-129.734938,205,164.642258
3.740532,248,164.822849
34.713449,161,164.938303
-123.692967,167,165.059579
0.793066,169,165.179796
261.475668,362,165.436435
259.875843,358,165.692591
212.552597,409,165.983038
255.93206,360,166.24007
261.007919,337,166.480754
-188.299977,255,166.66371
-224.02727,209,166.814251
299.056513,233,166.980969
-170.402963,156,167.092254
59.077884,178,167.223794
7.532573,224,167.384076
-65.06835,252,167.569527
9.521764,234,167.73914
19.794537,154,167.850955
3.312836,270,168.044027
26.360833,167,168.693832
229.583898,473,169.036385
224.560334,499,169.394495
-6.352107,162,169.510292
-1.291713,167,169.629259
-38.931737,283,169.828177
-2.86644,220,169.983521
242.206211,332,170.221117
-14.620441,190,170.356285
245.819751,358,170.611218
37.152306,283,170.813946
214.987348,378,171.080927
-211.543082,161,171.195709
227.134851,375,171.46347
-2.663878,198,171.606569
21.544923,246,171.782777
-12.676847,145,171.886601
71.59595,168,172.004764
213.777568,374,172.593893
-185.18973,144,172.697282
50.576171,205,172.844714
252.56526,378,173.114912
2.481045,191,173.251719
238.744421,344,173.494465
260.605227,318,173.72157
18.945151,199,173.861814
15.172632,229,174.02624
242.508587,429,174.330536
227.977836,289,174.542304
32.898409,177,174.672626
247.006253,357,174.926704
-2.099331,162,175.04078
258.704399,310,175.262071
-174.389659,160,175.377589
227.173265,445,175.693815
26.594507,252,175.87812
-171.412562,159,175.995432
251.430069,358,176.620373
-1.63689,224,176.778252
35.426984,209,176.926013
-183.280773,163,177.041439
45.206586,218,177.198116
34.790067,289,177.403042
-5.953018,103,177.476103
-7.786558,295,177.684062
31.670552,246,177.857729
-75.439249,100,177.928592
23.048995,184,178.061062
1.755323,262,178.251409
64.099969,138,178.349931
12.986578,237,178.521396
-10.535959,153,178.627713
28.847677,245,178.805171
22.755485,323,179.040243
-18.187419,154,179.151006
25.156119,253,179.331704
74.142112,132,179.426967
25.679951,268,179.616583
-165.698695,144,179.719954
-48.95272,160,179.832425
6.533595,212,179.983513
23.012273,252,180.545398
8.516274,267,180.740549
9.970226,314,180.96809
-25.291716,259,181.157029
250.59392,338,181.400344
11.407308,215,181.553767
31.536859,153,181.661798
15.368603,230,181.824244
-8.668697,198,181.967825
70.92989,179,182.093594
44.568356,168,182.214466
29.388842,145,182.319267
-140.10621,162,182.435752
-132.311771,161,182.551528
37.900522,196,182.688929
61.111695,121,182.773987
220.320505,328,183.007738
12.08516,200,183.147065
-161.385563,139,183.245201
71.425464,155,183.354458
33.239587,224,183.51213
62.082677,143,183.613331
5.347316,222,183.77003
23.132001,177,183.898288
59.771863,167,184.271884
24.533617,234,184.440299
-142.805097,146,184.544934
7.344425,249,184.726599
-15.528896,284,184.930123
-15.70889,159,185.048463
232.612887,372,185.309267
42.76654,155,185.417836
16.435597,272,185.609308
57.105239,135,185.70304
13.316479,152,185.812491
1.565782,281,186.007821
59.71177,168,186.130569
3.681077,216,186.284627
-156.524819,133,186.380015
17.709894,144,186.487136
50.848146,163,186.606964
43.711234,217,186.7621
-6.637621,285,186.966073
59.056375,199,187.109679
4.165188,167,187.226776
-32.164514,160,187.338619
-3.164906,201,187.482694
22.644066,171,187.604641
71.024158,157,187.717805
39.69192,208,188.111327
10.235538,238,188.285611
-12.615732,255,188.466044
0.286559,317,188.690658
25.531942,156,188.798009
19.02806,247,188.971936
6.901308,245,189.143602
-11.871208,267,189.334681
10.331478,242,189.503415
14.085692,189,189.636551
15.940105,236,189.803032
10.978969,181,189.931419
25.519702,167,190.050367
-155.660534,148,190.155241
22.88144,210,190.303544
229.650063,379,190.576496
-2.846273,198,190.718749
234.653928,408,191.006992
5.319114,209,191.158505
-2.62921,355,191.415541
-151.312465,158,191.532167
22.958362,278,192.109988
-158.766111,138,192.2116
257.725692,329,192.450813
-6.902233,227,192.614949
18.980833,238,192.788001
-8.783577,231,192.956893
250.847615,332,193.195914
-1.660541,189,193.334125
13.868549,228,193.499868
36.032026,270,193.695168
0.925363,158,193.809106
19.679231,210,193.962362
30.05242,180,194.091935
-8.401324,190,194.22688
-173.402928,153,194.33396
47.322297,224,194.493898
17.263771,188,194.629341
20.742594,255,194.814008
9.492827,149,194.921726
-13.423306,233,195.088684
-52.497554,118,195.17496
9.423782,210,195.326782
57.948598,151,195.436977
31.936826,200,195.580943
27.967562,161,195.946065
63.755002,186,196.077326
43.285601,190,196.214097
15.985601,149,196.320197
1.103446,194,196.460388
31.800641,177,196.583317
-141.226535,158,196.696272
11.353353,200,196.839481
-157.935691,156,196.949785
18.608465,160,197.06426
-31.106218,111,197.142918
8.318962,205,197.292671
-16.633991,190,197.429365
-8.072338,181,197.562738
-2.041849,186,197.695291
33.466908,140,197.793608
21.401733,153,197.902547
-157.902183,155,198.017805
51.845185,122,198.105973
73.637891,137,198.20519
57.371356,152,198.3152
67.164235,168,198.435045
17.532867,138,198.534778
11.112121,201,198.682167
-17.20896,187,198.818835
-7.387537,147,198.922086
67.026571,141,199.026013
32.029207,188,199.158631
-6.766199,171,199.277307
20.344938,223,199.433689
36.685883,174,199.811392
7.605895,198,199.955638
24.051793,135,200.054702
-154.747275,152,200.167356
37.414189,212,200.320222
31.22278,169,200.441727
17.074846,220,200.602601
-137.471205,147,200.709249
30.822048,210,200.862393
18.662341,228,201.030073
46.459597,248,201.213024
-28.627916,186,201.349198
11.59743,158,201.464997
18.91525,170,201.586862
34.322352,214,201.742468
18.597967,220,201.899267
9.294099,233,202.070939
29.168112,185,202.205648
27.81675,170,202.329011
8.894551,190,202.469775
-21.05317,129,202.564112
-11.314119,201,202.712426
22.196673,206,202.861766
-15.3721,266,203.053879
0.567185,172,203.179292
-105.504288,124,203.268649
-202.319274,149,203.678198
-50.413139,201,203.822052
3.470761,245,203.997658
15.615735,222,204.157805
1.418198,172,204.280004
-36.04447,219,204.439373
-67.064528,204,204.585685
-203.07715,101,204.6607
-29.107508,151,204.768582
-31.90623,167,204.886203
2.362719,126,204.979952
185.26865,342,205.22064
-28.007063,199,205.358541
3.607203,149,205.467057
-72.174865,146,205.572615
-14.486194,175,205.700137
-83.635536,140,205.801134
9.102653,93,205.869727
-52.598738,156,205.981405
-230.207069,151,206.087568
-137.497807,94,206.156263
-27.042567,109,206.234125
-123.505015,92,206.297587
-42.288884,126,206.385523
9.966938,84,206.448471
-73.751628,86,206.513434
0.923712,133,206.608163
3.732688,183,206.734953
-51.05882,80,206.789986
-31.328011,178,206.916513
-31.719575,129,207.008138
-6.198035,159,207.120619
-112.416482,136,207.216911
28.206639,128,207.441675
-87.031136,131,207.538049
-17.017489,135,207.635152
6.430919,102,207.709566
-22.929797,123,207.798497
-69.607053,142,207.900203
-28.350469,110,207.979964
0.52403,155,208.089571
-3.214945,159,208.20427
-11.327061,121,208.288788
4.407533,99,208.360344
-30.111029,168,208.479844
-15.175796,139,208.578347
-28.327473,112,208.660138
-33.183944,132,208.751502
-33.620847,114,208.835401
-6.182364,149,208.940685
-42.085285,156,209.066612
-20.614872,163,209.182016
34.884866,148,209.285945
61.242233,150,209.389984
8.691861,170,209.511096
-5.029413,161,209.62182
-4.522487,117,209.705539
40.880972,125,209.796033
-12.904777,191,209.930747
4.547089,147,210.034633
8.582062,134,210.128436
19.650127,163,210.311638
-24.870248,202,210.455585
5.771922,119,210.539437
64.583407,124,210.628082
25.518456,172,210.746585
-19.008319,187,210.87609
48.343705,161,210.990074
22.699441,177,211.385435
-42.501353,208,211.534064
60.029721,184,211.664748
-14.660473,224,211.824511
4.928955,111,211.903378
-19.421925,205,212.049405
35.78595,154,212.159387
-37.602632,183,212.289311
-40.478219,186,212.423527
-24.723874,177,212.548499
1.533617,262,212.740088
-16.765206,109,212.81711
15.349504,126,212.905502
-4.568142,156,213.019455
0.626348,122,213.105789
-9.666045,102,213.180143
21.969919,156,213.293307
24.058546,118,213.380126
-43.852291,166,213.503097
-0.733675,109,213.582613
5.014674,120,213.670264
-0.88041,102,213.741152
-53.493503,177,213.863024
-80.774444,147,213.966713
-63.868611,131,214.058159
-73.503491,178,214.184446
-54.860068,131,214.277496
-77.43543,165,214.392296
-60.685621,125,214.48252
-2.588263,94,214.550013
-66.566954,149,214.654386
-90.289121,183,214.782284
-130.980224,172,215.15551
-88.507171,143,215.257742
-89.993118,125,215.345493
-46.363661,108,215.423219
-99.655795,149,215.52954
-35.400375,111,215.612987
-98.439635,127,215.703556
-55.787791,122,215.789439
3.56493,127,215.881151
-166.245814,122,215.970584
-95.161263,127,216.061339
-128.170444,150,216.169524
-125.950103,155,216.279106
-80.795191,114,216.360394
-41.925369,128,216.456664
-23.288594,117,216.541673
-6.986049,113,216.625611
-15.447209,92,216.692459
-96.74999,139,216.793847
-28.55379,140,216.894928
-98.46313,124,216.988099
-87.693865,121,217.077509
-76.557982,114,217.161545
-55.635129,117,217.24599
-79.173555,146,217.353353
-54.252216,123,217.441787
-89.097223,136,217.538852
-74.541001,128,217.628247
15.237104,101,217.699383
-0.363989,120,217.784799
1.559365,115,217.868582
-25.823873,142,217.97315
35.474652,100,218.04385
-63.893345,122,218.128263
7.616916,132,218.22485
-25.036842,143,218.326579
21.32759,100,218.399772
16.393965,106,218.478866
-35.950965,113,218.561785
14.557109,105,218.638363
-56.819324,180,218.919918
18.312862,124,219.008475
-23.313916,154,219.112972
36.537734,123,219.200408
-9.071043,108,219.277147
47.683957,130,219.370482
33.356035,115,219.452067
5.09858,120,219.537205
24.81993,108,219.61231
15.023087,124,219.701108
-8.188104,126,219.792577
-15.005719,159,219.910668
-23.572614,121,219.997806
12.003808,125,220.085953
-22.666184,160,220.199874
15.290299,127,220.29234
20.273531,126,220.381746
8.867403,174,220.507629
17.763115,162,220.620093
20.358081,121,220.70586
30.781755,149,220.813219
38.529435,155,220.922834
19.518158,99,220.993131
40.050922,160,221.103281
0.726848,126,221.190722
-0.368738,135,221.28366
-5.734798,156,221.392893
-24.671424,180,221.523993
-2.729188,147,221.627296
-20.037456,200,221.769997
-8.441365,155,221.885373
-45.999899,240,222.058468
-46.789477,227,222.217889
-111.330338,256,222.39935
-62.032706,244,222.953415
6.695302,266,223.145665
-86.845682,349,223.395413
-144.158256,258,223.581697
-108.916963,317,223.803316
-111.154676,377,224.072813
-0.862235,280,224.26954
-9.356997,282,224.474456
-103.07483,300,224.684114
-132.691248,512,225.047743
256.129366,355,225.297763
-243.859727,578,225.704705
280.312396,345,225.951373
190.018878,531,226.321471
-128.357934,281,226.8942
-144.722699,352,227.145068
-107.337581,441,227.466491
-109.252933,440,227.777862
-74.516452,328,228.009105
56.314112,210,228.158807
-118.848632,313,228.380764
-122.550543,325,228.613559
-61.814023,204,228.760279
10.40096,258,228.942893
-138.063669,335,229.183959
-164.200732,346,229.434608
-130.092826,285,229.638833
-120.104105,321,229.869697
-79.318194,302,230.087664
-118.608947,222,230.249915
-121.516962,419,230.915207
-132.932291,204,231.063172
-134.021455,448,231.38188
-11.062352,248,231.558394
-111.681367,202,231.701812
-152.122443,349,231.957192
-114.592309,325,232.185195
-67.065528,238,232.351002
-121.455901,436,232.662364
-132.239247,435,232.972891
-264.743878,679,233.461772
-159.388312,353,233.716117
-68.534405,357,233.973982
-109.422416,521,234.924701
-79.815432,1000,235.625933
-184.440033,575,236.029682
-63.842098,1000,236.738195
82.394343,841,237.339997
-96.885407,1000,238.040576
-96.357681,1000,239.794286
-88.41759,1000,240.49935
-122.112645,1000,241.204695
-244.91515,1000,241.918225
146.061877,893,242.542896
-111.929934,1000,244.422333
24.47504,1000,245.145912
-115.913065,1000,245.861683
-66.158143,1000,246.565064
-141.044594,1000,247.271525
-72.294418,1000,249.086683
-66.537116,1000,249.806747
-128.732559,1000,250.518749
-97.71767,1000,251.228687
-122.63047,1000,251.941979
-101.769445,1000,253.740094
-97.821137,1000,254.444601
-32.405357,1000,255.155489
149.097811,791,255.709815
203.257127,593,256.125011
214.450538,552,256.509376
232.033407,556,256.903835
237.551554,468,257.808726
219.27269,561,258.205777
213.20055,527,258.638827
180.485437,485,258.979944
217.130521,512,259.345543
203.18077,647,259.817733
238.336732,509,260.191325
207.246336,703,260.697568
153.446136,622,261.133756
162.98514,580,262.366866
273.928541,466,262.697814
174.749456,425,263.00434
216.463421,486,263.355091
265.244257,458,263.685946
226.904093,445,264.010163
152.807423,619,264.467553
259.142188,447,264.787058
251.054112,440,265.098914
209.856045,447,265.419476
213.406667,404,266.153475
-9.239449,260,266.338866
214.763948,451,266.65714
175.656737,364,266.917761
209.261752,342,267.161206
37.297806,293,267.369133
306.518899,291,267.574023
-22.783331,200,267.718501
-5.674465,267,267.906347
-61.626005,229,268.068601
-10.869457,205,268.213089
60.201926,211,268.358499
-58.302241,209,268.507435
-49.619326,224,268.664157
-32.424064,191,268.800073
-64.612635,175,268.925278
39.273992,189,269.063759
-95.010773,212,269.214456
-69.386984,184,269.343473
-63.604085,164,269.460966
-39.05596,163,269.790422
-28.118688,186,269.924091
-66.079494,160,270.037819
292.005154,274,270.233104
30.131155,199,270.373099
-35.482685,180,270.501783
-60.683998,180,270.630298
-83.244917,169,270.752448
-27.928628,192,270.894054
-86.260903,172,271.018045
-74.077208,132,271.111598
-52.382002,162,271.229352
198.777837,321,271.459521
46.942179,177,271.583249
-55.97378,161,271.699605
-100.747736,155,271.809055
41.428156,175,271.93381
-71.305928,151,272.040001
-9.903298,160,272.154065
-55.240367,120,272.239126
-98.760319,184,272.370676
-56.904595,140,272.469944
-96.963939,173,272.588787
-81.249766,152,272.696751
-45.055388,136,272.79336
-104.329918,181,272.920537
-100.523983,135,273.014216
-113.273883,120,273.096653
-61.85455,144,273.198335
289.096013,269,273.61526
-66.131849,144,273.720715
-64.759266,156,273.835003
-126.186719,194,273.97609
-55.655173,168,274.097356
-35.322738,162,274.216416
-80.410945,166,274.337089
-42.029349,193,274.475351
-94.851316,150,274.580701
-84.461184,174,274.710283
-17.456844,187,274.841407
-40.13933,138,274.940148
-65.315732,153,275.047089
-78.911126,105,275.121067
-64.993715,149,275.227297
-20.619333,205,275.370907
-27.524878,187,275.507471
33.762349,173,275.626978
-83.819083,139,275.725688
-60.227211,146,275.826954
-97.211802,164,275.943105
-142.910545,200,276.08412
-102.355097,196,276.227147
-113.316809,188,276.364581
-68.064759,216,276.51864
-134.610563,237,276.688499
-75.340075,227,276.852376
-111.783441,233,277.023445
-97.630192,210,277.422698
85.531443,1000,278.14452
-85.623883,177,278.269767
-54.570419,193,278.409614
-97.620583,170,278.530248
-124.991743,223,278.687944
-84.224164,189,278.8236
-102.731587,206,278.971063
-38.035583,246,279.146014
-87.061356,204,279.291545
-81.778671,207,279.438896
-63.32261,181,279.569381
237.28932,301,279.787557
-76.366669,205,279.93423
293.017255,320,280.161653
114.843165,668,280.64618
4.035827,270,280.83758
147.996217,386,281.562803
267.647206,356,281.820413
232.344053,904,282.475084
206.296951,470,282.81473
-35.288085,387,283.083658
182.948354,580,283.496376
-51.297292,353,283.752693
189.697105,583,284.168942
154.368175,616,284.60502
151.607661,578,285.791766
-113.149638,384,286.08196
60.043,768,286.633055
-84.608492,447,286.949863
238.407507,443,287.26417
166.227302,656,287.733999
130.367192,857,288.34336
99.42947,729,288.865484
110.97874,978,290.697758
-139.948155,595,291.127965
-86.125169,1000,291.830371
-88.37923,275,292.027383
-171.237518,634,292.480886
-150.151396,598,292.911853
-84.493734,278,293.110054
-82.608179,480,293.444911
-72.627837,249,293.618325
139.003987,461,293.945922
202.256818,579,294.943758
-11.077829,1000,295.645756
-189.137214,730,296.161364
-80.286977,1000,296.863778
-80.361062,1000,297.566835
-212.085621,887,299.265636
-95.083713,1000,299.982806
-158.279348,1000,300.70773
-90.249578,556,301.099832
-221.488044,767,301.635952
173.019212,759,302.180152
38.571209,1000,303.896795
-74.202124,1000,304.60491
-75.416678,1000,305.321065
-39.798727,1000,306.039178
-78.779514,547,306.424819
191.554403,685,306.905835
-45.407276,1000,308.801371
-19.817514,1000,309.516204
-40.635285,1000,310.224503
-51.590057,1000,310.94861
-71.197282,1000,311.662971
-71.0938,1000,313.641509
148.384723,765,314.178331
99.803356,948,314.844223
168.577091,841,315.438354
79.754444,981,316.127455
-32.338466,1000,316.8905
-65.044009,1000,318.827502
-88.065153,1000,319.537001
-41.902671,1000,320.245595
-85.297406,656,320.71151
199.231942,595,321.144257
-51.636198,1000,323.130749
-51.889728,1000,323.886941
-48.331855,1000,324.599908
-36.774963,1000,325.308419
-58.188679,1000,326.017442
-132.507875,1000,327.961123
-57.081768,1000,328.671752
172.981413,797,329.254524
-70.254355,1000,329.972078
-65.112413,1000,330.675497
-10.363509,1000,331.392887
-68.245499,1000,333.313155
-87.479116,1000,334.021724
2.026562,1000,334.722106
139.262027,919,335.383314
152.183448,944,336.06157
-153.004045,205,337.23638
185.751452,802,337.809623
208.835351,809,338.38171
215.662269,502,338.7345
214.052419,488,339.079055
191.931341,551,339.480521
19.172047,1000,340.21057
-44.338491,1000,342.154528
215.949609,563,342.561768
-58.032808,1000,343.276897
40.761288,226,343.438597
129.461414,958,344.118783
124.095043,929,344.776654
145.830256,679,345.269061
242.681167,393,345.553078
-34.092236,1000,346.776356
-39.075833,1000,347.490607
119.735382,832,348.082799
242.3265,446,348.400238
21.179448,217,348.557651
273.10864,323,348.786705
-5.20452,1000,349.498802
190.050858,518,350.751748
2.582932,199,350.896267
54.658588,210,351.048357
184.608716,734,351.582185
175.729664,649,352.044366
187.68288,629,352.50028
265.463723,303,352.721835
219.574294,643,353.181794
174.77579,618,353.618682
253.938556,458,353.948359
157.481842,725,355.446346
134.53651,834,356.033227
28.034342,196,356.173018
192.739584,569,356.576645
178.94925,788,357.141279
197.726691,670,357.612356
249.212347,280,357.809425
-45.609444,202,357.949679
2.049696,1000,358.665154
215.872532,562,359.657783
71.269389,178,359.781354
-26.122824,185,359.915418
161.256967,739,360.446894
178.658164,699,360.946621
283.62723,265,361.141105
36.27791,269,361.33331
155.266976,771,361.889278
243.133467,487,362.235717
224.845357,452,362.555358
305.775686,236,362.722798
254.017774,392,363.426915
228.517561,484,363.772562
186.306488,788,364.34916
19.359327,166,364.470822
99.451615,921,365.137289
219.778296,442,365.46269
260.338211,415,365.763096
213.077821,652,366.232119
-28.98698,1000,367.961711
221.231764,561,368.356983
-17.911365,161,368.47043
147.53642,716,368.971663
168.503503,629,369.421552
191.070801,658,369.890876
25.069149,243,370.065446
204.671493,448,370.381793
65.383734,114,370.464297
216.781311,484,370.811455
241.744082,470,371.141294
263.176654,247,371.318908
239.795397,442,372.017264
229.701527,389,372.288239
238.086531,379,372.557007
291.291268,259,372.739525
25.363856,152,372.847514
49.234617,217,373.008285
220.270867,336,373.249253
17.271215,91,373.315315
20.497065,254,373.497626
62.861246,115,373.579589
237.787666,673,374.061366
18.601911,245,374.236273
204.937402,527,374.615016
289.624025,221,374.782454
231.072498,437,375.097923
7.904077,83,375.156484
260.883331,497,375.824474
237.975599,366,376.08979
206.223096,418,376.393538
252.092872,324,376.628993
235.763597,359,376.891795
48.718578,146,376.999634
255.20308,305,377.224291
208.538173,360,377.487637
37.917503,155,377.599233
51.516258,108,377.678629
228.966215,452,378.002944
222.811815,501,378.368549
10.529006,93,378.439604
209.824623,403,378.731194
275.590364,297,378.942934
29.016063,100,379.017299
235.966847,355,379.271055
6.256464,219,379.708629
264.329885,314,379.933213
236.63713,441,380.24399
267.088661,254,380.430153
-139.608568,101,380.503219
230.821933,461,380.830378
226.144355,409,381.118005
223.033739,392,381.39201
217.575074,481,381.732905
179.895685,593,382.148542
267.383305,392,382.420987
232.010381,444,382.731094
257.497202,384,383.007359
103.40942,1000,384.105871
220.40903,330,384.339104
170.668344,1000,385.072555
249.834474,397,385.361076
262.71719,315,385.589084
259.056809,414,385.885274
60.534385,187,386.020225
15.496315,146,386.123444
262.685855,262,386.3055
35.221026,138,386.403384
251.277548,366,386.664878
237.101969,310,386.881679
247.895346,280,387.082942
231.233621,356,387.625381
255.916072,320,387.860175
254.391322,272,388.054613
299.156536,211,388.236261
37.912092,181,388.427791
-42.894622,145,388.559912
38.959661,229,388.839227
257.728463,385,389.134444
-15.950072,339,389.379529
39.777428,206,389.52891
246.16597,352,389.78251
266.016921,310,390.008471
30.069306,158,390.124346
234.195187,290,390.330178
0.326857,155,390.443684
253.845569,288,390.654261
210.294512,367,390.918432
261.735867,358,391.175221
230.488453,462,391.883675
229.97763,379,392.155992
27.90864,169,392.276156
216.268011,377,392.543875
37.131308,149,392.652416
235.572408,359,392.905649
42.462328,155,393.017298
26.022972,173,393.142076
31.789286,151,393.249535
277.779369,294,393.458575
23.910531,150,393.56564
244.583951,282,393.764004
-39.91104,170,393.882878
44.477481,161,393.999592
49.778878,137,394.098527
-15.623439,235,394.26564
43.430074,129,394.356139
-19.567265,140,394.454844
-18.368639,203,394.595982
39.243052,143,394.698876
2.977386,240,394.867556
242.854839,314,395.089532
237.885709,326,395.667445
-3.906695,230,395.828882
264.094108,306,396.048547
235.58716,317,396.276377
277.887923,254,396.459182
-8.961185,149,396.56686
-29.796412,129,396.664068
254.843189,318,396.893113
55.660775,120,396.979073
260.771946,333,397.218143
253.580753,365,397.474568
23.339867,201,397.622124
249.893218,333,397.862077
278.074984,319,398.092134
23.145621,127,398.18659
25.110528,221,398.339911
260.891253,334,398.580096
252.009209,296,398.788062
61.53899,160,398.902806
14.981253,134,398.997246
275.011614,239,399.168697
26.103818,165,399.596324
60.950351,203,399.741809
-8.992908,189,399.874187
54.745996,120,399.958954
277.926856,319,400.188393
-9.400727,220,400.342611
58.017823,181,400.469463
-4.682796,148,400.576096
11.650224,264,400.762605
-9.080405,91,400.824918
68.788479,223,400.981859
20.745071,157,401.092399
-3.951198,168,401.216671
43.585405,147,401.317566
229.672908,317,401.543949
224.934632,364,401.800684
244.034064,440,402.111855
20.432832,182,402.241579
225.219138,414,402.535533
27.135314,209,402.68683
-4.032557,262,402.876697
9.751755,318,403.485109
22.901563,163,403.604592
43.327312,245,403.782541
216.05708,445,404.103598
8.211447,169,404.226954
13.070503,228,404.38808
198.72894,480,404.728356
200.710525,558,405.129229
-23.180683,1000,405.831399
184.131302,418,406.127455
14.273209,380,406.399436
178.400997,497,406.762384
215.019494,476,407.407448
240.050219,301,407.617968
258.621129,321,407.839389
239.833454,364,408.094415
29.898846,214,408.246657
238.155815,560,408.640576
264.158421,345,408.889642
-17.829607,206,409.03881
294.897331,275,409.241995
-2.256392,212,409.395154
229.478681,278,409.59222
21.093444,134,409.689319
1.169613,130,409.782156
20.736131,163,409.898814
256.613158,345,410.144191
274.369904,367,410.408966
225.229828,267,410.601531
39.177649,200,410.747504
-11.370354,167,410.868336
44.102252,143,411.220246
45.818472,196,411.362911
272.354851,261,411.55152
247.056365,257,411.738857
15.754481,158,411.848334
25.085639,135,411.942363
249.195526,256,412.121416
244.700481,329,412.347941
250.289095,360,412.598614
267.780048,180,412.724774
6.393605,231,412.884168
239.402258,310,413.10452
226.091293,345,413.34878
305.110144,179,413.478357
243.620245,303,413.687706
236.558084,381,413.956968
260.376787,280,414.15734
240.766055,378,414.429629
189.377752,727,415.377963
204.333378,673,415.846257
194.822252,331,416.082615
204.892998,432,416.388283
201.084538,533,416.765376
213.142798,328,417.000591
209.955778,368,417.266248
4.581474,186,417.398738
-12.775491,173,417.522019
10.266298,425,417.818913
265.359493,372,418.081419
60.482079,141,418.179943
305.292957,257,418.357086
